44100,rand
5349,syn
8321,libc
26324,cfg-if
49507,quote
48642,proc-macro2
10248,serde
24006,bitflags
11205,log
44976,lazy_static
27736,serde_derive
21194,base64
43800,num-traits
40217,serde_json
52263,time
4005,regex
16043,smallvec
2885,parking_lot
36307,bytes
21928,byteorder
6034,semver
6623,atty
34373,num_cpus
8223,clap
50369,ansi_term
50408,url
14788,once_cell
26851,itertools
13199,tokio
34324,indexmap
21151,futures
45359,chrono
11641,env_logger
11373,hyper
26577,toml
25526,crossbeam-channel
11753,http
23217,anyhow
34205,thiserror
37043,futures-util
