4877,rand
33528,syn
26864,rand_core
976,libc
41393,cfg-if
31177,quote
36132,proc-macro2
7065,unicode-xid
27280,serde
51156,autocfg
30864,bitflags
36234,log
50682,rand_chacha
26383,lazy_static
13812,itoa
45374,getrandom
31891,serde_derive
35969,base64
15423,memchr
40767,num-traits
8865,serde_json
48916,time
33651,regex
38006,regex-syntax
14247,smallvec
27706,cc
29268,version_check
46743,parking_lot_core
10443,parking_lot
37202,aho-corasick
1759,crossbeam-utils
19469,strsim
12673,bytes
43285,ryu
40128,byteorder
232,semver
100000,scopegurad
32059,lock_api
36915,generic-array
21717,atty
17288,num_cpus
42867,clap
35016,digest
3349,ansi_term
25194,url
49204,num-integer
51670,percent-encoding
10297,once_cell
52041,block-buffer
29266,mio
17627,idna
27557,unicode-width
14048,textwrap
100001,ppv-lite86
18914,hashbrown
47550,itertools
27001,pin-project-lite
17960,tokio
1994,indexmap
2508,either
32779,futures
10273,slab
47349,chrono
30466,unicode-normalization
12320,memoffset
50557,winapi
52042,rustc_version
41007,env_logger
12447,fnv
4706,thread_local
34731,crossbeam-epoch
35009,unicode-bidi
20164,pkg-config
50541,matches
15009,hyper
15823,typenum
14932,miniz_oxide
16585,opaque-debug
41415,heck
27476,toml
27648,arrayvec
41907,termcolor
23369,crossbeam-channel
41268,semver-parser
49285,socket2
11600,vec_map
100002,futures_core
13160,proc-macro-hack
9272,http
42318,unicode-segmentation
44218,anyhow
26356,crossbeam-deque
31488,thiserror
23987,thiserror-impl
3134,futures-util
8348,futures-task
46582,backtrace
43229,futures-channel
4603,httparse
27849,h2
